,rec_loss,kl_loss,loss_sum,epoch
0,2.790636470913887,1.0294239179603755,3.8200603875517847,0
